time,temperature_2m,relative_humidity_2m,wind_speed_10m,apparent_temperature
2026-09-07T00:00,25.9,77,5.4,29.8
2026-09-07T01:00,24.3,86,8.8,27.7
2026-09-07T02:00,22.4,94,13.9,24.9
2026-09-07T03:00,22.2,95,10.3,25.2
2026-09-07T04:00,22.8,95,6.1,26.7
2026-09-07T05:00,23.7,85,6.8,27.1
2026-09-07T06:00,23.8,86,9.9,26.9
2026-09-07T07:00,25.6,80,10.0,28.9
2026-09-07T08:00,27.2,71,13.2,29.9
2026-09-07T09:00,28.3,66,12.9,31.0
2026-09-07T10:00,29.4,62,11.6,32.7
2026-09-07T11:00,29.3,57,10.3,32.9
2026-09-07T12:00,30.0,57,9.5,32.7
2026-09-07T13:00,31.6,53,10.1,35.5
2026-09-07T14:00,32.0,51,12.0,35.5
2026-09-07T15:00,31.5,52,12.3,33.8
2026-09-07T16:00,31.1,53,11.1,33.5
2026-09-07T17:00,29.7,55,10.9,31.8
2026-09-07T18:00,28.9,59,8.5,31.5
2026-09-07T19:00,28.2,65,8.2,31.2
2026-09-07T20:00,27.7,68,5.6,31.4
2026-09-07T21:00,27.1,72,2.8,31.4
2026-09-07T22:00,27.0,75,0.9,31.9
2026-09-07T23:00,27.1,77,0.4,32.3
2026-09-08T00:00,26.8,77,0.8,31.8
2026-09-08T01:00,26.6,75,3.9,30.7
2026-09-08T02:00,26.1,74,8.7,29.2
2026-09-08T03:00,25.3,79,9.1,28.5
2026-09-08T04:00,24.9,80,9.8,28.0
2026-09-08T05:00,25.3,77,9.4,28.3
2026-09-08T06:00,25.3,76,11.9,27.8
2026-09-08T07:00,26.2,72,14.5,28.2
2026-09-08T08:00,27.6,65,16.8,29.2
2026-09-08T09:00,29.0,60,15.7,30.9
2026-09-08T10:00,30.2,56,14.5,33.1
2026-09-08T11:00,30.2,54,15.0,33.4
2026-09-08T12:00,31.0,52,15.4,34.3
2026-09-08T13:00,32.1,48,15.3,35.4
2026-09-08T14:00,31.8,48,15.2,33.8
2026-09-08T15:00,31.9,46,15.3,33.1
2026-09-08T16:00,31.5,47,15.4,32.4
2026-09-08T17:00,30.8,48,13.0,32.1
2026-09-08T18:00,29.7,51,9.9,31.4
2026-09-08T19:00,29.2,54,7.9,31.3
2026-09-08T20:00,28.4,58,7.9,30.8
2026-09-08T21:00,27.6,64,6.2,30.6
2026-09-08T22:00,26.9,69,7.8,30.0
2026-09-08T23:00,27.1,69,7.1,30.4
2026-09-09T00:00,26.5,70,3.6,30.2
2026-09-09T01:00,26.5,69,4.8,29.9
2026-09-09T02:00,26.2,70,5.8,29.3
2026-09-09T03:00,25.7,73,6.4,28.8
2026-09-09T04:00,25.2,75,8.4,28.1
2026-09-09T05:00,25.4,73,13.6,27.4
2026-09-09T06:00,25.0,75,14.5,26.8
2026-09-09T07:00,25.9,72,16.4,27.6
2026-09-09T08:00,27.2,67,16.5,28.9
2026-09-09T09:00,28.8,60,16.3,30.6
2026-09-09T10:00,30.0,57,15.2,32.9
2026-09-09T11:00,30.7,53,14.2,34.0
2026-09-09T12:00,31.5,51,12.1,35.7
2026-09-09T13:00,31.7,51,14.2,35.6
2026-09-09T14:00,28.6,67,15.0,31.8
2026-09-09T15:00,29.1,60,18.3,30.5
2026-09-09T16:00,29.5,60,14.1,31.7
2026-09-09T17:00,29.7,59,13.1,32.0
2026-09-09T18:00,28.7,63,12.4,31.2
2026-09-09T19:00,28.1,66,11.2,30.9
2026-09-09T20:00,27.5,69,8.9,30.8
2026-09-09T21:00,27.1,72,8.2,30.5
2026-09-09T22:00,26.6,74,8.7,30.0
2026-09-09T23:00,26.6,74,8.8,30.0
2026-09-10T00:00,26.1,75,9.0,29.3
2026-09-10T01:00,25.8,75,8.5,29.0
2026-09-10T02:00,25.7,75,8.8,28.7
2026-09-10T03:00,25.7,74,9.5,28.5
2026-09-10T04:00,25.5,75,10.4,28.2
2026-09-10T05:00,25.6,76,12.1,28.2
2026-09-10T06:00,25.2,79,12.5,27.9
2026-09-10T07:00,26.3,74,13.6,28.8
2026-09-10T08:00,27.6,68,17.1,29.5
2026-09-10T09:00,28.5,62,19.8,29.6
2026-09-10T10:00,29.3,59,18.8,31.2
2026-09-10T11:00,29.2,57,18.0,30.9
2026-09-10T12:00,30.3,56,17.0,33.2
2026-09-10T13:00,31.0,53,15.6,34.1
2026-09-10T14:00,31.4,52,16.9,34.0
2026-09-10T15:00,30.1,54,18.6,31.4
2026-09-10T16:00,29.8,58,17.8,31.3
2026-09-10T17:00,29.6,57,17.0,31.1
2026-09-10T18:00,28.6,60,12.4,30.8
2026-09-10T19:00,28.2,64,11.2,30.7
2026-09-10T20:00,27.6,67,12.4,30.1
2026-09-10T21:00,27.3,68,12.3,29.8
2026-09-10T22:00,27.1,68,11.2,29.7
2026-09-10T23:00,27.3,69,11.6,30.0
2026-09-11T00:00,26.9,69,12.6,29.2
2026-09-11T01:00,26.8,68,12.0,29.1
2026-09-11T02:00,26.6,69,11.8,29.0
2026-09-11T03:00,26.2,72,12.8,28.5
2026-09-11T04:00,25.9,73,13.5,28.0
2026-09-11T05:00,25.9,70,14.8,27.6
2026-09-11T06:00,25.4,72,16.2,26.9
2026-09-11T07:00,26.0,70,16.6,27.5
2026-09-11T08:00,26.4,69,17.7,27.8
2026-09-11T09:00,27.2,67,18.3,28.6
2026-09-11T10:00,28.8,60,18.7,30.0
2026-09-11T11:00,29.6,57,18.1,31.5
2026-09-11T12:00,29.4,58,16.0,30.9
2026-09-11T13:00,29.6,55,16.6,30.8
2026-09-11T14:00,29.3,57,16.7,30.6
2026-09-11T15:00,27.8,65,14.7,29.8
2026-09-11T16:00,28.0,64,13.1,30.2
2026-09-11T17:00,27.5,64,9.6,30.0
2026-09-11T18:00,27.3,65,7.6,30.2
2026-09-11T19:00,27.2,67,7.6,30.3
2026-09-11T20:00,27.0,70,9.0,30.1
2026-09-11T21:00,26.5,75,8.4,30.1
2026-09-11T22:00,26.3,76,7.8,29.9
2026-09-11T23:00,26.2,85,3.9,31.4
2026-09-12T00:00,25.6,89,5.0,30.8
2026-09-12T01:00,25.2,93,4.3,30.5
2026-09-12T02:00,24.9,94,4.9,30.2
2026-09-12T03:00,24.6,87,7.0,28.6
2026-09-12T04:00,23.8,92,7.9,27.8
2026-09-12T05:00,24.0,93,5.0,28.6
2026-09-12T06:00,23.9,90,8.7,27.7
2026-09-12T07:00,24.3,84,8.9,27.5
2026-09-12T08:00,25.0,78,7.6,28.2
2026-09-12T09:00,27.5,65,12.4,29.8
2026-09-12T10:00,29.1,57,14.0,30.7
2026-09-12T11:00,27.5,64,15.0,30.3
2026-09-12T12:00,27.3,66,13.5,29.3
2026-09-12T13:00,29.0,58,14.7,31.0
2026-09-12T14:00,29.5,56,14.5,31.2
2026-09-12T15:00,29.1,59,13.9,31.0
2026-09-12T16:00,28.4,62,11.2,30.9
2026-09-12T17:00,27.6,66,7.7,30.7
2026-09-12T18:00,26.9,70,6.6,30.3
2026-09-12T19:00,26.6,71,7.2,29.8
2026-09-12T20:00,26.0,74,4.7,29.7
2026-09-12T21:00,25.6,78,2.6,29.8
2026-09-12T22:00,24.8,83,7.6,28.3
2026-09-12T23:00,24.4,85,9.2,27.8
