time,temperature_2m_max,temperature_2m_min,temperature_2m_mean,relative_humidity_2m_mean,wind_speed_10m_max,shortwave_radiation_sum
2024-01-01,27.7,15.4,21.4,70,10.8,18.13
2024-01-02,27.6,15.2,21.0,72,12.5,15.72
2024-01-03,27.2,17.5,21.8,70,14.5,16.95
2024-01-04,28.1,18.5,22.2,69,16.0,16.94
2024-01-05,27.8,17.1,21.5,68,16.0,18.03
2024-01-06,27.9,17.1,21.5,71,17.1,17.2
2024-01-07,27.3,17.5,21.4,69,17.4,16.86
2024-01-08,28.1,16.2,21.9,63,17.4,18.32
2024-01-09,28.9,17.4,22.3,60,19.2,18.19
2024-01-10,26.9,17.8,22.2,68,10.7,9.86
2024-01-11,30.1,19.8,24.3,57,11.1,18.18
2024-01-12,30.5,19.8,24.3,62,10.7,18.47
2024-01-13,31.1,18.6,24.9,62,9.2,16.61
2024-01-14,31.4,18.6,24.4,53,9.7,18.99
2024-01-15,31.2,18.3,24.1,55,10.5,18.28
2024-01-16,30.3,18.5,24.2,62,12.5,18.65
2024-01-17,30.3,17.5,23.8,64,18.2,18.28
2024-01-18,29.6,18.0,23.4,63,12.6,16.63
2024-01-19,30.2,18.0,23.9,61,13.9,16.01
2024-01-20,29.6,18.3,23.3,64,16.6,15.52
2024-01-21,30.5,18.6,24.1,62,13.2,18.13
2024-01-22,31.9,19.9,25.1,60,14.7,17.45
2024-01-23,31.7,20.2,25.4,62,16.6,18.6
2024-01-24,30.5,20.0,25.0,65,13.8,17.72
2024-01-25,29.3,18.9,23.5,67,11.5,14.91
2024-01-26,30.1,18.4,23.8,64,11.1,17.94
2024-01-27,29.5,18.1,23.1,68,12.1,17.43
2024-01-28,29.4,18.8,23.3,57,11.3,20.25
2024-01-29,29.6,16.3,22.6,63,12.0,19.28
2024-01-30,29.4,16.6,22.6,64,13.0,20.0
2024-01-31,31.0,16.7,23.3,56,16.0,19.13
2024-02-01,32.3,18.2,24.2,58,15.8,19.44
2024-02-02,31.9,19.1,25.1,61,10.8,19.18
2024-02-03,29.6,19.8,24.7,69,13.5,17.56
2024-02-04,31.4,19.3,25.6,60,11.6,20.11
2024-02-05,33.2,19.4,26.0,60,11.8,19.87
2024-02-06,34.1,20.1,26.9,56,9.7,19.22
2024-02-07,34.6,21.9,27.6,51,9.2,19.59
2024-02-08,34.2,21.1,27.5,50,10.3,20.2
2024-02-09,32.3,19.7,25.9,48,13.5,20.97
2024-02-10,32.3,21.3,25.9,64,20.4,18.75
2024-02-11,32.6,20.6,25.9,63,20.6,19.11
2024-02-12,31.5,19.6,24.9,63,17.6,20.88
2024-02-13,32.1,18.5,24.5,59,17.4,21.42
2024-02-14,32.6,19.0,24.8,57,16.1,20.79
2024-02-15,31.7,17.8,24.4,54,16.6,21.56
2024-02-16,32.0,17.7,24.1,46,16.6,22.48
2024-02-17,33.1,19.1,25.4,33,13.2,22.45
2024-02-18,34.1,18.2,25.9,31,17.3,22.28
2024-02-19,34.0,18.6,26.3,37,16.1,22.05
2024-02-20,34.1,19.4,27.1,39,12.6,19.97
2024-02-21,34.4,19.8,27.4,36,19.4,22.19
2024-02-22,34.3,19.4,26.8,37,16.3,22.42
2024-02-23,33.1,20.2,26.1,44,14.3,22.12
2024-02-24,32.7,19.8,26.6,62,19.9,18.86
2024-02-25,32.8,22.4,26.5,67,19.2,16.24
2024-02-26,32.6,21.3,26.3,62,22.4,20.34
2024-02-27,33.4,20.2,26.3,57,16.6,22.81
2024-02-28,32.9,20.0,25.7,52,12.9,22.04
2024-02-29,33.3,20.7,26.8,43,12.9,21.02
2024-03-01,34.0,20.8,27.3,43,14.7,21.27
2024-03-02,36.2,20.4,28.2,40,14.8,21.19
2024-03-03,35.4,21.3,28.5,43,14.5,22.72
2024-03-04,35.5,20.7,28.3,45,14.0,20.34
2024-03-05,34.8,20.9,27.9,44,15.3,21.61
2024-03-06,37.5,22.1,29.4,41,15.3,20.75
2024-03-07,37.0,21.7,29.4,40,14.8,22.55
2024-03-08,36.9,21.5,29.1,43,17.8,22.54
2024-03-09,35.8,21.8,29.5,45,16.6,19.37
2024-03-10,34.3,23.1,28.4,54,18.4,21.25
2024-03-11,34.1,23.0,28.3,49,14.0,18.24
2024-03-12,37.1,23.4,30.2,43,11.5,20.44
2024-03-13,38.4,25.5,31.5,37,19.4,20.57
2024-03-14,35.7,23.5,29.9,49,15.3,21.66
2024-03-15,36.2,22.5,29.5,45,16.9,21.95
2024-03-16,34.8,22.7,28.0,62,16.8,17.96
2024-03-17,33.2,23.5,27.6,65,20.8,17.54
2024-03-18,31.9,22.9,27.0,60,15.9,12.62
2024-03-19,34.2,22.3,27.9,52,17.5,18.46
2024-03-20,30.2,21.1,25.4,62,17.7,20.41
2024-03-21,32.1,20.5,26.1,55,15.6,23.94
2024-03-22,33.8,19.4,26.6,51,11.7,23.96
2024-03-23,35.2,21.2,28.6,43,14.2,22.31
2024-03-24,34.9,22.2,28.8,48,13.8,19.95
2024-03-25,35.8,22.3,28.3,48,16.2,21.53
2024-03-26,35.8,22.4,29.0,40,13.3,23.54
2024-03-27,36.0,21.8,28.7,41,13.8,24.73
2024-03-28,37.2,21.1,29.3,50,11.7,24.27
2024-03-29,38.0,23.4,30.5,41,17.4,23.02
2024-03-30,37.8,23.4,30.2,40,14.7,22.96
2024-03-31,37.2,22.2,29.8,38,11.3,24.04
2024-04-01,38.6,22.3,31.1,36,12.4,22.02
2024-04-02,38.6,24.5,31.6,37,13.3,22.05
2024-04-03,37.6,23.9,30.9,43,18.4,19.29
2024-04-04,38.9,23.7,31.4,45,13.7,21.43
2024-04-05,39.8,24.8,32.3,37,13.4,24.82
2024-04-06,39.8,25.5,32.5,31,14.8,22.6
2024-04-07,40.7,24.5,33.0,30,18.9,22.42
2024-04-08,37.6,26.2,31.2,39,23.2,23.68
2024-04-09,35.7,23.7,29.5,58,20.1,24.06
2024-04-10,36.0,24.1,30.3,47,19.9,23.28
2024-04-11,34.9,23.9,29.0,48,18.9,23.24
2024-04-12,31.5,24.1,28.0,63,17.0,19.56
2024-04-13,33.3,23.5,28.3,53,18.0,19.21
2024-04-14,36.2,23.7,29.9,49,13.1,24.67
2024-04-15,37.5,24.9,30.9,40,11.5,24.58
2024-04-16,38.4,24.1,31.4,38,10.8,24.34
2024-04-17,38.5,25.6,32.5,38,13.2,23.17
2024-04-18,39.3,26.6,33.0,39,14.3,23.72
2024-04-19,38.4,26.9,32.8,38,19.1,22.04
2024-04-20,36.7,27.2,31.0,48,16.0,18.23
2024-04-21,37.8,27.1,31.5,46,13.5,21.73
2024-04-22,38.3,26.1,31.6,41,27.7,22.78
2024-04-23,38.7,23.8,31.2,40,15.3,24.25
2024-04-24,39.3,22.9,31.6,31,12.9,24.58
2024-04-25,39.2,25.2,32.0,31,13.0,24.88
2024-04-26,40.4,24.2,33.0,33,16.3,24.99
2024-04-27,39.6,25.4,32.7,35,11.9,25.5
2024-04-28,41.9,26.0,34.2,30,24.0,25.54
2024-04-29,40.3,26.3,33.5,32,14.5,22.29
2024-04-30,40.2,26.1,33.8,35,13.4,23.63
2024-05-01,41.1,28.3,34.5,28,17.0,25.88
2024-05-02,40.3,26.9,33.7,23,16.1,26.49
2024-05-03,41.3,25.2,33.7,27,12.9,26.69
2024-05-04,42.0,25.8,33.9,43,12.8,25.76
2024-05-05,40.8,26.5,33.9,47,14.3,25.36
2024-05-06,41.2,26.8,34.0,46,26.0,25.08
2024-05-07,34.8,25.2,29.6,66,26.0,21.71
2024-05-08,37.3,24.1,30.3,55,17.5,23.85
2024-05-09,36.8,25.4,29.6,62,15.1,19.82
2024-05-10,34.8,23.8,28.1,73,9.3,18.46
2024-05-11,37.3,25.1,31.3,53,14.5,24.05
2024-05-12,36.0,26.1,30.5,58,16.6,23.4
2024-05-13,33.8,25.1,29.4,58,14.8,18.78
2024-05-14,35.0,24.6,29.5,59,17.2,23.18
2024-05-15,36.1,25.5,29.9,63,11.7,23.8
2024-05-16,31.1,24.4,28.7,67,19.8,17.97
2024-05-17,32.2,23.2,27.3,74,20.1,22.38
2024-05-18,33.0,24.2,27.1,78,15.8,17.59
2024-05-19,32.1,23.8,27.3,81,20.8,19.52
2024-05-20,32.9,23.6,28.6,74,13.5,20.03
2024-05-21,33.9,25.5,29.6,66,19.1,22.75
2024-05-22,35.3,24.9,29.6,68,16.9,23.14
2024-05-23,36.1,25.3,30.8,60,12.6,20.17
2024-05-24,39.1,26.6,32.7,50,13.5,24.19
2024-05-25,36.5,28.6,31.6,55,20.0,11.23
2024-05-26,38.1,28.8,32.8,45,24.9,23.03
2024-05-27,38.4,28.9,32.5,51,26.3,21.87
2024-05-28,38.1,27.5,32.6,49,26.0,25.03
2024-05-29,38.9,28.0,33.1,44,27.4,25.83
2024-05-30,38.7,28.8,33.5,41,23.2,24.7
2024-05-31,39.4,29.3,34.2,36,23.6,24.77
2024-06-01,39.8,28.6,33.9,42,16.3,23.19
2024-06-02,37.3,26.1,30.7,63,19.8,18.45
2024-06-03,33.8,22.8,28.3,66,16.8,15.15
2024-06-04,34.8,25.7,29.6,64,13.1,16.02
2024-06-05,33.6,24.7,27.9,78,18.5,18.82
2024-06-06,34.6,24.2,27.5,79,16.8,19.97
2024-06-07,32.4,23.9,27.1,79,17.2,17.66
2024-06-08,32.3,24.4,26.8,78,15.5,18.1
2024-06-09,30.5,23.4,26.9,74,13.2,16.48
2024-06-10,31.3,24.1,26.5,78,20.5,16.43
2024-06-11,31.9,23.8,26.2,81,19.6,16.83
2024-06-12,31.6,23.1,26.6,78,21.4,15.04
2024-06-13,33.1,24.1,27.0,80,23.4,22.66
2024-06-14,30.7,23.7,26.6,79,24.5,18.19
2024-06-15,32.4,24.0,27.8,71,23.5,19.24
2024-06-16,32.3,24.9,28.3,69,19.9,19.41
2024-06-17,33.0,23.9,28.2,72,18.1,20.57
2024-06-18,33.2,24.4,28.8,68,17.7,22.88
2024-06-19,31.0,24.3,28.1,69,22.0,16.5
2024-06-20,33.1,25.3,28.5,63,21.5,20.01
2024-06-21,33.3,25.1,28.1,69,25.3,17.17
2024-06-22,27.6,24.2,25.7,84,19.8,7.65
2024-06-23,32.7,23.7,27.8,73,22.0,21.68
2024-06-24,32.9,24.5,28.7,62,16.9,19.75
2024-06-25,33.5,24.7,27.9,71,22.7,19.81
2024-06-26,32.2,24.4,27.3,77,25.4,16.39
2024-06-27,26.7,24.1,25.1,87,21.1,7.29
2024-06-28,29.7,23.4,25.6,82,31.3,13.29
2024-06-29,30.6,23.7,27.2,73,26.0,15.99
2024-06-30,28.9,24.1,25.6,85,19.4,8.38
2024-07-01,29.4,23.7,26.5,75,26.0,8.09
2024-07-02,31.8,24.4,27.1,69,32.2,15.18
2024-07-03,31.3,24.0,27.3,71,26.9,14.72
2024-07-04,32.0,24.3,27.8,69,25.6,17.7
2024-07-05,32.1,24.3,27.1,73,27.6,19.44
2024-07-06,30.6,23.7,26.3,77,27.7,15.76
2024-07-07,29.8,23.2,25.4,83,19.1,12.67
2024-07-08,29.6,23.1,25.4,83,17.3,13.72
2024-07-09,29.5,23.4,25.9,82,18.9,17.76
2024-07-10,31.4,23.1,26.8,73,19.1,19.76
2024-07-11,31.4,23.6,26.9,75,23.6,16.87
2024-07-12,32.5,23.8,27.1,72,25.8,21.88
2024-07-13,30.8,23.6,26.5,75,29.7,14.88
2024-07-14,26.1,23.4,24.7,87,25.6,6.11
2024-07-15,28.6,23.6,25.2,85,22.2,14.8
2024-07-16,30.3,23.2,26.0,81,22.7,17.38
2024-07-17,29.7,23.3,25.8,77,29.1,14.41
2024-07-18,28.0,23.7,25.4,83,27.6,10.5
2024-07-19,27.9,22.9,24.4,88,29.9,11.95
2024-07-20,27.3,23.1,24.0,88,37.8,8.43
2024-07-21,28.5,22.9,24.6,84,28.9,10.27
2024-07-22,27.0,23.1,24.5,86,27.8,8.59
2024-07-23,26.3,23.3,24.6,86,27.4,7.07
2024-07-24,24.6,22.8,23.6,89,30.3,3.96
2024-07-25,25.1,22.7,23.6,89,31.5,4.91
2024-07-26,27.4,22.4,24.3,83,26.0,7.94
2024-07-27,26.3,23.2,24.2,87,30.2,9.04
2024-07-28,29.6,23.0,25.8,78,29.9,20.16
2024-07-29,30.3,23.8,25.9,80,24.6,18.33
2024-07-30,30.2,23.6,26.6,76,25.2,15.34
2024-07-31,31.1,23.9,26.9,74,27.4,21.08
2024-08-01,30.0,24.3,26.1,79,23.8,13.46
2024-08-02,28.3,23.3,25.1,84,31.7,10.21
2024-08-03,28.8,23.6,25.9,76,32.8,13.43
2024-08-04,29.7,23.4,25.8,78,26.1,18.43
2024-08-05,30.6,23.1,26.4,75,23.2,21.24
2024-08-06,29.8,22.9,25.6,81,22.2,17.14
2024-08-07,25.1,22.8,23.8,91,17.4,6.06
2024-08-08,29.3,22.4,25.0,82,19.3,18.0
2024-08-09,31.0,22.3,25.7,80,15.5,20.85
2024-08-10,30.9,23.1,26.5,76,15.5,24.42
2024-08-11,30.2,23.3,26.3,74,16.2,21.33
2024-08-12,28.6,23.4,25.1,84,13.9,12.86
2024-08-13,31.4,23.1,26.8,77,10.2,21.8
2024-08-14,31.0,23.9,27.4,78,11.5,19.81
2024-08-15,31.4,24.0,27.0,80,14.4,21.74
2024-08-16,31.4,23.5,26.2,84,14.1,20.39
2024-08-17,31.1,23.5,26.8,80,9.2,20.84
2024-08-18,31.3,23.9,26.7,84,8.7,20.53
2024-08-19,29.3,23.4,25.4,89,13.8,12.8
2024-08-20,30.5,23.4,26.4,82,7.0,17.73
2024-08-21,31.1,23.3,26.8,82,12.7,23.08
2024-08-22,30.7,23.2,25.8,84,17.8,17.72
2024-08-23,29.5,23.7,26.1,77,22.5,18.09
2024-08-24,27.4,23.3,24.8,83,26.8,10.93
2024-08-25,27.4,22.6,24.5,83,28.8,9.01
2024-08-26,30.0,22.8,25.6,77,29.7,20.43
2024-08-27,30.2,22.9,25.8,76,27.3,20.29
2024-08-28,30.3,22.8,25.8,76,27.4,21.12
2024-08-29,30.0,22.9,25.9,75,25.3,19.27
2024-08-30,25.6,23.3,24.1,89,19.5,5.35
2024-08-31,25.6,22.3,23.6,90,29.8,5.33
2024-09-01,23.7,22.2,22.9,91,29.0,4.54
2024-09-02,26.2,22.3,24.2,84,31.0,10.68
2024-09-03,28.1,23.2,25.1,83,24.4,12.81
2024-09-04,29.0,23.0,25.0,83,32.2,15.08
2024-09-05,29.9,23.0,25.7,79,22.1,15.32
2024-09-06,29.9,23.2,26.0,80,25.2,18.92
2024-09-07,26.9,23.3,24.6,86,24.4,9.23
2024-09-08,26.3,23.0,24.1,89,19.8,6.38
2024-09-09,25.3,23.0,23.9,90,21.0,5.57
2024-09-10,29.8,23.0,25.4,80,25.3,14.32
2024-09-11,30.0,22.7,25.7,74,28.9,21.93
2024-09-12,29.4,22.7,25.6,73,24.5,18.43
2024-09-13,29.5,22.7,25.4,71,22.7,23.9
2024-09-14,30.2,22.4,25.6,71,21.3,23.34
2024-09-15,30.1,22.3,25.7,71,21.4,23.5
2024-09-16,28.2,22.7,25.1,74,21.5,16.79
2024-09-17,30.5,22.4,25.7,71,21.3,24.09
2024-09-18,30.3,21.6,25.5,71,16.1,23.71
2024-09-19,31.0,21.7,26.2,71,9.7,23.41
2024-09-20,30.9,22.7,26.2,76,15.0,22.27
2024-09-21,29.6,22.7,25.4,83,18.3,16.39
2024-09-22,29.5,22.6,25.4,83,18.7,16.19
2024-09-23,30.3,22.8,25.6,85,14.0,15.2
2024-09-24,29.6,22.7,25.3,86,14.0,13.45
2024-09-25,29.5,22.5,25.2,86,13.7,14.66
2024-09-26,28.5,23.2,25.4,83,21.8,16.26
2024-09-27,29.8,23.1,25.7,77,19.2,16.32
2024-09-28,30.3,22.5,25.9,78,12.3,19.09
2024-09-29,30.6,22.1,26.2,80,6.7,20.4
2024-09-30,30.5,22.9,26.3,84,6.7,20.06
2024-10-01,31.5,22.6,26.5,81,9.5,20.79
2024-10-02,32.3,22.8,26.8,80,12.8,21.46
2024-10-03,32.2,23.0,26.5,79,16.7,21.8
2024-10-04,31.6,22.8,26.5,78,13.6,21.4
2024-10-05,31.0,22.7,25.6,81,15.1,20.48
2024-10-06,31.3,22.4,25.7,80,18.4,19.01
2024-10-07,29.9,22.0,26.0,78,10.3,19.2
2024-10-08,30.0,21.9,25.4,80,12.5,21.07
2024-10-09,30.1,22.6,25.5,82,17.7,19.92
2024-10-10,29.4,22.7,25.2,84,17.2,19.36
2024-10-11,29.6,22.6,24.8,87,19.1,16.01
2024-10-12,29.6,22.5,25.0,86,16.2,15.4
2024-10-13,30.2,22.5,25.6,82,13.6,18.25
2024-10-14,29.1,21.5,25.4,82,9.5,16.55
2024-10-15,29.3,22.3,25.2,83,14.6,14.19
2024-10-16,30.2,21.7,25.1,85,16.1,17.2
2024-10-17,29.4,23.2,25.4,86,19.1,16.9
2024-10-18,29.2,22.9,25.2,87,16.2,16.05
2024-10-19,30.5,22.2,25.6,83,17.8,18.96
2024-10-20,29.0,21.2,24.7,85,13.3,16.57
2024-10-21,29.6,20.7,24.9,82,10.2,18.14
2024-10-22,30.2,20.9,24.1,86,12.0,16.51
2024-10-23,30.9,21.3,25.2,72,13.6,21.46
2024-10-24,30.6,19.9,24.5,66,14.6,20.57
2024-10-25,30.1,20.6,24.8,60,16.4,22.01
2024-10-26,30.7,21.3,25.4,61,22.3,20.1
2024-10-27,30.7,20.0,24.8,60,13.3,20.86
2024-10-28,31.1,19.2,25.1,63,12.3,18.77
2024-10-29,30.9,20.3,25.7,67,11.2,19.81
2024-10-30,30.6,21.9,25.1,81,13.4,16.77
2024-10-31,28.3,21.2,24.6,84,12.2,12.78
2024-11-01,29.9,21.4,24.8,83,14.1,17.41
2024-11-02,29.5,21.5,24.9,83,12.8,16.87
2024-11-03,29.0,20.8,24.7,79,11.6,15.79
2024-11-04,29.3,20.6,24.7,72,9.8,19.36
2024-11-05,30.1,18.6,24.3,64,12.7,20.5
2024-11-06,30.6,19.0,24.2,58,12.7,21.0
2024-11-07,29.9,19.1,24.0,55,10.6,21.1
2024-11-08,29.6,17.7,23.4,67,11.0,19.74
2024-11-09,30.0,19.3,24.2,63,10.6,20.27
2024-11-10,30.3,19.9,24.7,56,14.4,20.56
2024-11-11,29.7,19.7,24.2,59,14.9,20.33
2024-11-12,30.2,21.1,25.4,59,14.4,18.99
2024-11-13,30.4,20.8,25.6,62,14.3,16.27
2024-11-14,30.6,21.0,25.5,74,13.1,14.29
2024-11-15,30.9,21.2,25.7,69,14.6,17.64
2024-11-16,30.5,20.0,25.1,52,14.8,19.59
2024-11-17,29.2,18.8,23.8,52,15.4,20.02
2024-11-18,28.4,17.8,22.8,54,12.3,20.07
2024-11-19,28.0,16.7,22.3,55,13.4,19.97
2024-11-20,27.6,16.8,22.0,54,11.4,19.98
2024-11-21,27.7,16.7,21.9,56,10.2,20.01
2024-11-22,27.9,16.7,21.9,56,10.4,19.81
2024-11-23,27.4,16.2,21.5,60,10.9,19.74
2024-11-24,27.5,16.2,21.6,62,10.2,19.35
2024-11-25,27.0,17.1,21.3,59,13.5,19.24
2024-11-26,28.5,17.1,22.2,55,14.8,18.26
2024-11-27,27.2,17.4,21.6,50,14.8,18.44
2024-11-28,26.5,17.1,21.1,49,22.1,19.44
2024-11-29,28.5,17.4,22.9,57,17.1,16.5
2024-11-30,28.4,20.8,24.3,67,18.1,11.68
2024-12-01,27.3,21.7,24.3,80,18.5,9.66
2024-12-02,27.9,21.7,23.6,88,17.6,8.51
2024-12-03,28.1,21.4,23.8,87,18.0,13.11
2024-12-04,29.2,21.8,24.8,80,14.6,15.22
2024-12-05,28.3,21.6,24.3,83,15.0,13.04
2024-12-06,29.2,21.2,24.5,82,10.2,15.13
2024-12-07,29.9,20.8,24.7,78,8.3,14.52
2024-12-08,28.0,20.9,23.3,88,15.1,10.44
2024-12-09,28.2,20.5,23.6,84,10.0,13.36
2024-12-10,28.6,20.6,23.6,73,17.5,15.7
2024-12-11,27.4,18.1,22.0,55,14.3,17.72
2024-12-12,27.7,15.0,21.4,52,11.5,17.7
2024-12-13,27.1,17.1,21.6,54,12.1,17.86
2024-12-14,26.9,17.0,21.1,55,14.8,18.32
2024-12-15,26.6,16.0,20.3,51,11.6,18.84
2024-12-16,27.1,14.0,19.6,51,10.8,18.88
2024-12-17,27.7,13.2,19.7,56,9.2,18.89
2024-12-18,28.0,14.5,21.2,56,10.5,18.01
2024-12-19,28.9,17.1,23.1,60,12.5,16.65
2024-12-20,29.3,20.2,24.3,77,10.5,13.84
2024-12-21,30.4,19.4,24.4,71,12.6,16.94
2024-12-22,28.9,19.1,23.9,66,12.0,15.97
2024-12-23,29.0,18.9,23.5,65,11.7,17.48
2024-12-24,28.2,20.5,23.9,62,14.8,14.85
2024-12-25,26.4,19.6,22.5,80,16.6,10.44
2024-12-26,25.7,19.7,22.2,87,17.7,8.75
2024-12-27,27.3,20.1,22.6,79,20.3,9.91
2024-12-28,27.7,17.9,22.3,75,19.1,16.88
2024-12-29,28.0,17.5,22.3,74,10.6,17.92
2024-12-30,29.7,18.3,23.2,61,9.7,18.36
2024-12-31,28.9,17.9,23.2,65,10.2,17.66
2025-01-01,28.5,18.3,22.8,63,13.8,18.06
2025-01-02,27.9,17.0,21.4,54,14.1,18.03
2025-01-03,28.5,16.6,21.6,45,11.6,19.0
2025-01-04,28.4,16.7,21.6,46,14.3,19.17
2025-01-05,27.6,15.2,21.1,59,11.3,18.91
2025-01-06,26.9,15.2,20.8,68,10.6,18.9
2025-01-07,28.5,16.0,21.7,59,14.1,18.86
2025-01-08,26.9,17.0,21.1,52,13.4,19.21
2025-01-09,26.0,14.3,20.1,55,14.9,18.95
2025-01-10,26.6,15.8,20.9,66,15.4,18.32
2025-01-11,26.4,16.2,21.0,68,14.2,18.39
2025-01-12,26.7,16.7,21.3,71,15.3,16.99
2025-01-13,27.9,16.7,21.8,68,10.8,18.49
2025-01-14,28.0,16.6,22.0,70,13.3,18.53
2025-01-15,27.0,17.7,21.8,73,15.4,16.08
2025-01-16,27.2,17.2,21.8,73,14.4,16.49
2025-01-17,27.6,17.7,21.9,70,13.6,18.26
2025-01-18,26.5,17.3,21.3,72,12.1,18.47
2025-01-19,28.5,16.5,21.8,59,11.3,19.41
2025-01-20,28.5,16.9,21.5,54,11.7,19.94
2025-01-21,29.3,14.7,21.3,50,9.0,20.3
2025-01-22,28.5,15.8,21.7,61,11.3,20.14
2025-01-23,27.5,15.7,21.0,75,12.5,19.33
2025-01-24,28.6,16.3,21.4,72,13.1,20.26
2025-01-25,29.3,15.4,21.7,66,9.6,20.36
2025-01-26,29.2,17.4,22.8,57,11.3,20.16
2025-01-27,30.0,16.6,22.9,59,8.1,20.33
2025-01-28,29.4,17.7,23.0,57,10.0,20.28
2025-01-29,28.6,16.5,22.0,66,10.9,20.01
2025-01-30,29.7,16.3,22.4,65,13.1,20.33
2025-01-31,30.6,17.1,23.2,60,11.4,20.58
2025-02-01,30.6,18.2,23.6,59,13.7,20.67
2025-02-02,30.6,18.4,23.8,56,10.2,20.56
2025-02-03,30.7,18.3,24.1,54,11.2,20.95
2025-02-04,31.7,17.8,24.2,52,10.4,20.99
2025-02-05,32.0,19.4,24.9,50,11.1,20.81
2025-02-06,30.9,19.2,24.4,53,13.7,20.82
2025-02-07,30.5,19.4,24.6,57,9.2,20.38
2025-02-08,31.1,19.5,24.6,57,10.6,20.73
2025-02-09,30.3,18.9,24.3,56,13.1,21.18
2025-02-10,30.6,18.2,24.0,63,11.7,21.29
2025-02-11,31.5,18.9,24.8,57,9.9,21.19
2025-02-12,32.7,19.4,25.6,53,7.3,21.18
2025-02-13,32.2,19.8,24.9,51,12.5,21.66
2025-02-14,30.7,19.2,24.1,48,9.2,21.92
2025-02-15,31.8,17.4,23.9,44,11.4,22.31
2025-02-16,31.4,18.7,24.3,40,9.3,22.35
2025-02-17,32.1,18.7,24.8,44,8.8,22.08
2025-02-18,32.9,19.7,25.6,48,7.7,21.95
2025-02-19,34.2,20.5,26.4,47,10.9,21.24
2025-02-20,32.0,19.5,25.5,57,9.4,20.46
2025-02-21,31.5,19.9,25.2,62,9.2,20.27
2025-02-22,32.5,20.5,25.7,51,12.4,20.81
2025-02-23,32.3,20.7,25.6,44,12.6,22.2
2025-02-24,31.4,18.4,24.8,41,12.8,23.06
2025-02-25,30.7,17.8,23.9,58,15.2,22.29
2025-02-26,30.9,19.1,24.3,58,11.8,22.55
2025-02-27,31.0,19.0,24.5,58,10.4,22.73
2025-02-28,31.2,18.7,24.8,62,11.5,22.75
2025-03-01,31.2,18.8,24.7,59,13.8,23.09
2025-03-02,32.9,19.6,25.6,50,11.1,22.59
2025-03-03,34.6,19.7,27.0,40,13.1,23.16
2025-03-04,34.5,20.1,27.3,42,11.1,22.69
2025-03-05,32.3,19.9,25.7,41,18.4,23.49
2025-03-06,31.0,17.8,23.4,34,16.1,24.83
2025-03-07,32.0,15.9,23.8,32,13.0,24.54
2025-03-08,33.6,18.4,25.4,32,9.4,24.28
2025-03-09,32.9,18.3,25.5,49,15.2,23.75
2025-03-10,31.6,19.4,25.0,65,15.9,23.22
2025-03-11,32.5,19.4,25.7,59,13.6,23.72
2025-03-12,33.9,20.3,26.5,50,9.2,23.88
2025-03-13,35.7,21.4,28.0,42,12.0,23.84
2025-03-14,36.0,22.7,28.7,41,9.7,22.42
2025-03-15,35.9,22.6,28.4,39,14.3,24.2
2025-03-16,35.9,21.5,28.4,32,16.4,24.54
2025-03-17,36.4,21.2,28.2,34,15.3,23.76
2025-03-18,35.4,22.9,28.3,41,13.0,24.36
2025-03-19,35.2,19.9,27.3,47,19.4,24.5
2025-03-20,34.0,20.9,26.9,61,19.2,23.5
2025-03-21,34.2,20.8,27.1,60,16.8,22.13
2025-03-22,32.9,22.1,25.8,69,14.4,20.17
2025-03-23,32.3,21.5,26.7,71,10.9,21.55
2025-03-24,32.4,21.8,26.9,65,9.7,22.27
2025-03-25,33.3,21.1,27.0,57,11.8,23.76
2025-03-26,33.9,21.1,27.4,46,11.5,24.96
2025-03-27,35.1,22.1,28.2,45,16.9,24.64
2025-03-28,35.8,22.5,29.0,43,13.7,24.23
2025-03-29,36.1,23.4,29.4,43,13.6,23.93
2025-03-30,35.5,24.2,29.1,41,16.3,24.32
2025-03-31,34.4,23.8,27.9,42,11.6,24.91
2025-04-01,32.8,21.3,26.7,61,12.8,24.44
2025-04-02,31.2,21.2,26.1,68,13.5,22.38
2025-04-03,30.4,21.6,25.1,76,14.9,16.21
2025-04-04,32.4,20.9,26.0,71,13.8,22.69
2025-04-05,34.0,22.6,27.8,58,11.5,24.16
2025-04-06,35.5,22.3,28.5,52,12.7,23.79
2025-04-07,36.2,22.3,28.7,46,10.4,24.12
2025-04-08,33.4,21.8,27.4,62,10.8,23.47
2025-04-09,34.6,22.2,28.0,61,14.4,24.52
2025-04-10,35.7,22.8,28.5,53,12.1,23.97
2025-04-11,35.9,23.6,29.0,42,18.9,24.8
2025-04-12,35.8,23.7,29.2,34,20.7,24.84
2025-04-13,35.3,21.6,28.0,40,14.3,25.24
2025-04-14,35.4,22.4,28.4,47,11.8,24.02
2025-04-15,35.4,22.0,28.4,50,15.7,23.87
2025-04-16,35.6,23.0,28.7,62,16.9,23.82
2025-04-17,35.9,23.3,28.7,64,13.7,22.28
2025-04-18,36.0,22.5,29.3,57,10.2,23.15
2025-04-19,35.9,24.5,29.4,57,15.4,21.99
2025-04-20,37.2,25.3,30.5,49,9.0,23.37
2025-04-21,36.0,25.6,30.5,50,12.5,24.36
2025-04-22,36.7,25.0,30.8,48,9.2,24.11
2025-04-23,36.4,25.4,30.7,47,11.4,24.18
2025-04-24,37.2,25.1,31.2,41,15.9,24.69
2025-04-25,37.0,25.3,30.7,50,8.6,24.66
2025-04-26,35.8,24.8,30.1,55,11.8,23.4
2025-04-27,33.0,24.0,28.1,68,11.0,16.02
2025-04-28,34.8,23.2,29.1,56,11.5,24.83
2025-04-29,35.9,22.8,29.4,56,14.0,24.16
2025-04-30,37.5,23.5,29.9,55,18.1,23.98
2025-05-01,36.1,23.5,29.5,63,13.5,24.61
2025-05-02,36.9,24.0,30.1,57,12.9,23.92
2025-05-03,37.3,24.4,30.5,52,14.8,24.79
2025-05-04,35.6,23.0,28.4,58,19.1,24.92
2025-05-05,36.7,21.9,29.4,51,12.7,24.59
2025-05-06,35.0,23.5,28.9,52,8.9,23.72
2025-05-07,34.8,23.3,28.9,47,17.3,25.07
2025-05-08,34.3,23.6,28.8,48,12.1,24.35
2025-05-09,35.0,23.6,29.2,50,15.2,25.03
2025-05-10,34.8,24.1,29.8,51,12.2,24.49
2025-05-11,35.9,25.1,30.7,47,11.4,25.21
2025-05-12,35.6,25.6,30.5,50,19.1,24.68
2025-05-13,35.6,25.2,30.5,51,16.6,24.54
2025-05-14,35.1,25.1,30.1,53,17.1,24.25
2025-05-15,35.0,23.7,29.6,58,15.2,23.21
2025-05-16,33.0,24.2,28.8,60,11.8,15.1
2025-05-17,34.0,25.2,29.5,59,10.6,22.63
2025-05-18,34.5,25.0,29.1,65,11.4,23.79
2025-05-19,32.6,24.1,28.2,73,11.2,19.91
2025-05-20,34.1,25.4,29.2,70,17.8,22.11
2025-05-21,31.6,24.0,26.9,80,13.3,17.11
2025-05-22,31.9,23.7,27.2,75,13.9,16.32
2025-05-23,33.5,24.5,28.3,64,20.0,22.05
2025-05-24,32.5,23.9,27.7,67,18.7,17.85
2025-05-25,32.2,23.4,27.5,71,20.4,21.66
2025-05-26,30.2,24.4,26.8,74,13.4,15.11
2025-05-27,32.7,23.7,27.3,74,17.9,19.47
2025-05-28,30.1,24.0,26.5,76,24.5,12.49
2025-05-29,31.0,24.5,27.0,77,18.4,8.85
2025-05-30,33.7,24.2,28.8,66,22.7,23.48
2025-05-31,34.7,25.4,29.6,54,23.5,25.85
2025-06-01,34.0,25.0,29.1,55,24.0,25.05
2025-06-02,33.0,24.7,28.3,61,21.6,24.28
2025-06-03,32.9,24.7,28.3,61,20.7,20.56
2025-06-04,33.8,24.5,28.9,57,19.1,25.23
2025-06-05,33.0,24.6,28.5,59,13.5,24.12
2025-06-06,33.8,24.1,28.8,61,13.1,23.61
2025-06-07,34.9,25.8,29.6,58,21.5,24.52
2025-06-08,34.4,25.6,29.4,60,19.3,20.98
2025-06-09,29.7,23.7,26.4,75,24.5,8.46
2025-06-10,33.1,25.4,28.4,65,28.1,18.04
2025-06-11,31.1,23.9,27.3,71,22.9,16.96
2025-06-12,32.6,23.1,27.4,75,14.6,20.83
2025-06-13,32.6,24.1,28.0,74,11.0,23.83
2025-06-14,32.7,24.3,28.5,71,13.9,23.56
2025-06-15,32.4,24.5,27.6,71,19.2,19.89
2025-06-16,31.8,24.5,27.5,69,28.8,18.8
2025-06-17,32.7,24.8,28.4,62,26.6,21.23
2025-06-18,32.5,24.2,28.3,63,30.0,20.97
2025-06-19,32.5,24.7,28.1,65,34.1,19.96
2025-06-20,31.8,24.7,28.0,65,27.6,18.07
2025-06-21,33.0,24.2,28.5,63,24.6,24.69
2025-06-22,32.7,24.0,28.4,61,25.5,24.53
2025-06-23,31.3,24.5,27.0,67,30.8,13.11
2025-06-24,30.3,23.2,26.3,72,27.8,13.96
2025-06-25,29.6,24.1,26.2,74,21.1,11.73
2025-06-26,30.1,23.3,26.6,73,20.7,14.25
2025-06-27,31.3,23.8,27.2,68,24.6,20.5
2025-06-28,32.2,23.9,27.9,63,29.0,19.94
2025-06-29,32.5,23.3,27.1,66,26.9,20.1
2025-06-30,30.0,23.2,25.6,76,29.2,12.04
2025-07-01,28.4,22.7,24.6,84,24.1,8.54
2025-07-02,28.0,22.9,25.1,82,24.5,10.56
2025-07-03,28.9,23.3,25.7,76,24.9,8.91
2025-07-04,29.9,23.9,26.4,73,27.7,13.62
2025-07-05,31.0,24.6,26.8,71,30.1,19.31
2025-07-06,31.5,24.1,27.1,68,28.8,20.31
2025-07-07,29.3,23.5,26.0,75,27.3,15.34
2025-07-08,29.9,23.7,26.5,70,29.7,21.05
2025-07-09,30.1,24.2,26.4,72,26.7,18.08
2025-07-10,31.2,23.6,26.7,72,21.9,24.27
2025-07-11,31.3,23.4,27.4,70,18.8,23.77
2025-07-12,31.7,24.2,27.7,69,19.7,24.37
2025-07-13,31.6,24.7,27.9,65,21.0,22.18
2025-07-14,32.1,24.6,28.1,64,22.6,22.78
2025-07-15,31.4,24.4,27.3,71,23.6,20.47
2025-07-16,31.1,24.2,27.4,74,16.9,21.92
2025-07-17,32.5,22.9,27.1,79,14.0,22.5
2025-07-18,31.5,23.1,26.2,82,12.7,19.13
2025-07-19,31.2,22.8,26.1,81,12.8,19.07
2025-07-20,30.6,24.3,26.9,76,17.3,19.75
2025-07-21,31.2,23.7,26.9,77,19.4,19.9
2025-07-22,30.7,23.2,25.8,82,22.1,17.85
2025-07-23,28.8,23.1,25.0,86,23.4,11.61
2025-07-24,26.6,23.0,24.3,86,24.4,8.76
2025-07-25,27.0,22.9,24.3,88,24.6,7.84
2025-07-26,24.6,22.9,23.7,90,28.5,4.32
2025-07-27,30.6,23.5,26.5,71,34.8,21.68
2025-07-28,30.5,23.2,26.7,67,31.1,22.35
2025-07-29,30.1,23.6,26.6,68,34.4,20.09
2025-07-30,29.3,23.7,26.2,73,27.9,21.66
2025-07-31,30.1,23.9,26.6,73,27.3,20.86
2025-08-01,31.1,23.6,27.0,71,23.8,22.46
2025-08-02,31.3,24.0,27.1,71,16.6,24.59
2025-08-03,31.2,23.5,27.0,76,12.9,22.73
2025-08-04,31.5,22.8,26.4,82,11.2,19.83
2025-08-05,30.1,23.0,26.4,82,15.2,21.25
2025-08-06,30.9,22.8,26.6,81,13.0,23.82
2025-08-07,30.4,23.9,26.0,85,15.8,17.92
2025-08-08,30.1,22.3,26.1,80,9.7,19.88
2025-08-09,29.4,22.4,25.6,83,13.6,22.65
2025-08-10,29.3,22.9,25.1,84,15.0,18.01
2025-08-11,29.7,22.2,25.2,84,19.2,20.55
2025-08-12,29.7,22.5,25.6,80,23.7,20.7
2025-08-13,28.0,22.5,24.6,85,23.5,15.01
2025-08-14,28.4,22.3,24.7,84,18.2,16.04
2025-08-15,27.8,22.5,25.0,83,22.8,17.75
2025-08-16,28.3,23.1,24.8,83,27.1,14.09
2025-08-17,28.3,23.0,24.7,84,21.1,13.77
2025-08-18,26.3,22.7,24.0,87,28.9,8.7
2025-08-19,27.3,22.2,24.4,82,30.7,15.0
2025-08-20,28.1,23.2,25.2,80,25.9,13.98
2025-08-21,30.2,22.9,26.3,74,26.3,21.42
2025-08-22,29.6,23.4,26.2,73,24.0,18.17
2025-08-23,30.0,23.1,26.0,72,26.6,20.91
2025-08-24,29.9,23.0,26.2,70,27.2,22.54
2025-08-25,30.0,22.4,26.0,70,25.4,21.93
2025-08-26,26.9,23.1,24.6,83,23.1,13.15
2025-08-27,27.4,22.6,24.1,88,23.4,10.56
2025-08-28,27.4,22.1,24.1,88,25.0,14.55
2025-08-29,30.0,22.0,25.5,79,22.9,19.46
2025-08-30,30.4,22.7,26.3,76,22.6,21.24
2025-08-31,28.3,23.2,25.6,82,22.1,15.88
2025-09-01,28.7,22.9,25.1,83,23.8,13.77
2025-09-02,27.9,23.2,24.9,83,25.1,11.61
2025-09-03,28.9,22.6,25.3,77,22.5,15.51
2025-09-04,30.1,22.7,25.7,75,22.7,20.69
2025-09-05,30.1,22.4,25.9,75,17.3,24.04
2025-09-06,29.6,23.1,26.1,77,15.2,20.64
2025-09-07,30.4,23.0,25.9,73,15.4,24.06
2025-09-08,30.7,22.9,26.3,75,13.4,22.55
2025-09-09,31.0,22.2,26.6,74,11.1,22.77
2025-09-10,30.7,23.1,26.2,78,16.2,20.98
2025-09-11,28.0,23.2,24.5,87,20.0,11.55
2025-09-12,26.9,21.9,24.3,87,19.1,10.84
2025-09-13,28.0,22.7,24.4,90,13.6,12.09
2025-09-14,29.7,21.7,25.4,85,13.9,20.87
2025-09-15,29.4,22.6,25.7,84,14.5,18.69
2025-09-16,29.6,23.0,25.4,86,13.2,17.79
2025-09-17,29.6,22.5,25.2,88,10.0,18.63
2025-09-18,30.2,21.9,25.7,84,11.5,22.43
2025-09-19,30.9,22.3,26.0,82,14.1,22.27
2025-09-20,30.7,22.0,26.0,83,16.2,22.59
2025-09-21,30.6,22.5,26.1,83,16.7,21.3
2025-09-22,29.5,22.7,25.0,87,17.2,15.94
2025-09-23,29.0,23.0,25.2,83,19.6,12.06
2025-09-24,29.3,22.9,25.6,77,25.6,18.89
2025-09-25,26.3,22.3,23.9,83,25.4,9.73
2025-09-26,28.9,22.3,24.3,87,23.0,12.14
2025-09-27,26.3,22.4,23.8,90,19.3,7.59
2025-09-28,28.1,21.9,24.4,80,20.8,16.35
2025-09-29,30.1,21.7,25.2,77,18.8,22.26
2025-09-30,29.6,22.4,25.6,78,18.6,18.57
2025-10-01,29.9,23.0,25.9,74,20.1,21.51
2025-10-02,28.7,23.5,25.5,77,18.5,11.8
2025-10-03,29.9,23.2,26.1,75,22.6,19.48
2025-10-04,30.0,23.8,26.3,78,17.1,19.63
2025-10-05,29.6,22.8,25.3,82,15.0,20.64
2025-10-06,29.9,21.7,24.8,82,17.3,19.09
2025-10-07,29.3,21.8,24.8,83,12.3,19.06
2025-10-08,30.6,22.3,25.9,75,9.6,21.45
2025-10-09,30.2,21.9,25.9,74,10.1,20.83
2025-10-10,30.3,21.5,25.5,65,12.0,21.38
2025-10-11,29.9,20.5,24.7,66,15.2,22.11
2025-10-12,29.9,19.8,24.9,70,11.9,22.41
2025-10-13,28.4,22.1,24.3,82,14.9,8.09
2025-10-14,28.1,21.7,24.0,90,16.4,16.81
2025-10-15,29.3,21.8,24.8,82,15.5,20.55
2025-10-16,29.8,21.7,25.4,76,16.2,21.19
2025-10-17,29.9,21.1,25.1,77,15.8,20.37
2025-10-18,30.2,20.9,25.2,72,10.7,21.25
2025-10-19,30.1,20.5,24.7,78,15.9,19.73
2025-10-20,29.0,21.6,24.8,82,13.3,18.88
2025-10-21,30.1,21.7,24.5,85,18.5,17.37
2025-10-22,29.4,21.5,24.5,86,20.3,14.4
2025-10-23,27.6,22.2,23.6,92,21.7,9.9
2025-10-24,25.8,21.9,23.0,93,16.5,9.46
2025-10-25,27.7,21.7,23.8,89,12.0,15.2
2025-10-26,28.7,21.9,24.5,85,13.5,17.83
2025-10-27,29.3,20.2,24.7,82,9.7,16.42
2025-10-28,27.9,22.5,24.1,87,24.0,10.18
2025-10-29,24.1,22.3,22.8,91,26.0,2.08
2025-10-30,29.2,22.7,25.3,73,22.6,16.36
2025-10-31,29.6,20.6,24.5,71,16.1,19.74
2025-11-01,29.6,21.7,25.1,81,10.9,18.26
2025-11-02,30.2,22.8,25.5,80,17.3,17.99
2025-11-03,30.0,23.4,25.9,79,13.4,16.31
2025-11-04,29.5,22.1,24.9,81,14.4,16.57
2025-11-05,30.2,21.9,25.4,71,14.1,18.78
2025-11-06,29.7,20.8,25.0,64,13.4,15.07
2025-11-07,29.9,20.4,24.6,59,14.3,20.2
2025-11-08,28.9,19.4,23.5,55,13.8,20.82
2025-11-09,27.8,18.1,22.3,57,12.4,20.98
2025-11-10,28.2,17.0,22.1,54,10.2,20.56
2025-11-11,28.9,17.8,22.8,53,10.3,20.3
2025-11-12,29.1,17.7,22.8,50,13.0,20.46
2025-11-13,29.0,17.3,22.2,48,13.1,20.85
2025-11-14,28.4,14.8,21.2,53,11.6,20.89
2025-11-15,27.9,15.1,21.1,53,10.9,20.76
2025-11-16,27.6,16.2,21.4,50,13.5,20.6
2025-11-17,27.5,16.1,21.2,50,17.5,20.62
2025-11-18,28.4,16.1,21.6,51,13.4,20.3
2025-11-19,28.7,14.5,21.4,54,11.9,20.31
2025-11-20,28.7,14.2,21.4,56,10.7,20.13
2025-11-21,29.6,16.6,23.1,63,11.8,17.0
2025-11-22,30.4,19.0,24.1,69,11.1,17.21
2025-11-23,30.7,19.2,24.4,66,8.8,17.91
2025-11-24,30.1,18.9,23.6,61,11.6,18.41
2025-11-25,29.1,18.0,23.3,66,11.6,18.48
2025-11-26,29.0,17.7,23.1,68,13.5,18.1
2025-11-27,28.8,17.6,22.6,68,14.2,18.69
2025-11-28,27.8,17.6,22.0,56,14.4,19.05
2025-11-29,26.7,16.3,21.1,56,13.8,16.55
2025-11-30,26.6,18.3,21.9,59,11.6,11.3
2025-12-01,28.6,17.8,22.2,65,13.8,14.04
2025-12-02,28.9,17.3,23.1,66,13.0,16.45
2025-12-03,28.1,18.3,23.0,64,10.0,15.32
2025-12-04,28.5,19.2,23.6,65,9.7,14.05
2025-12-05,28.1,17.7,22.7,55,13.9,17.65
2025-12-06,28.1,15.7,21.8,55,12.7,18.62
2025-12-07,28.9,17.3,22.0,50,12.6,17.97
2025-12-08,28.6,15.5,21.0,45,13.9,18.31
2025-12-09,28.6,16.4,21.6,39,17.6,19.14
2025-12-10,28.5,16.6,21.5,39,17.1,19.21
2025-12-11,27.9,15.3,20.8,36,14.3,19.52
2025-12-12,27.9,13.3,20.2,40,11.2,19.16
2025-12-13,28.0,14.0,20.5,46,13.5,18.89
2025-12-14,28.0,14.3,20.5,54,11.7,18.67
2025-12-15,27.3,14.6,20.2,59,10.1,18.56
2025-12-16,27.7,14.7,20.5,59,10.1,18.81
2025-12-17,28.8,15.1,21.0,57,11.7,18.84
2025-12-18,28.5,14.6,20.5,49,13.6,19.13
2025-12-19,27.2,15.1,20.2,44,14.7,19.19
2025-12-20,27.1,13.5,19.7,50,12.0,18.94
2025-12-21,26.8,13.4,19.6,59,10.7,18.51
2025-12-22,27.4,14.5,20.3,54,9.7,18.58
2025-12-23,27.3,13.4,19.9,54,11.6,18.4
2025-12-24,26.9,15.7,20.6,54,11.9,18.58
2025-12-25,26.4,14.3,20.1,55,9.4,18.68
2025-12-26,26.1,14.6,19.6,60,10.1,18.66
2025-12-27,26.0,15.1,19.7,59,9.4,18.72
2025-12-28,26.3,13.9,19.5,61,9.2,18.72
2025-12-29,26.0,14.3,19.3,60,10.0,18.84
2025-12-30,26.9,13.6,19.7,60,7.0,18.78
2025-12-31,27.7,14.7,20.8,63,9.6,18.6
2026-01-01,27.2,16.6,21.3,72,11.1,16.75
2026-01-02,27.2,16.8,21.5,74,11.1,14.36
2026-01-03,26.9,16.3,21.2,73,13.2,15.62
2026-01-04,26.5,16.0,20.5,70,12.2,16.74
2026-01-05,26.4,15.8,20.3,64,11.5,18.06
2026-01-06,26.0,15.7,19.8,61,13.2,18.86
2026-01-07,25.9,13.4,19.0,59,11.3,19.12
2026-01-08,25.5,13.2,18.6,56,11.7,19.05
2026-01-09,24.8,13.2,18.6,52,13.2,18.74
2026-01-10,24.4,15.4,19.0,45,14.0,15.27
2026-01-11,25.4,14.6,20.0,48,11.1,14.63
2026-01-12,26.0,16.9,21.1,55,12.6,17.73
2026-01-13,27.5,17.2,21.7,65,8.9,18.31
2026-01-14,28.3,17.8,22.5,60,9.1,16.28
2026-01-15,28.8,18.8,23.0,59,8.0,17.33
2026-01-16,28.0,16.6,21.3,58,10.7,19.45
2026-01-17,28.4,14.6,20.7,50,8.8,19.92
2026-01-18,28.9,14.7,20.9,48,9.5,20.03
2026-01-19,28.2,15.1,21.0,60,11.6,19.68
2026-01-20,27.6,16.4,21.2,62,12.4,19.52
2026-01-21,26.5,15.5,20.7,63,14.7,19.59
2026-01-22,26.4,15.7,20.5,60,12.5,19.69
2026-01-23,26.3,15.6,20.4,62,12.4,19.83
2026-01-24,26.7,15.5,20.5,67,9.2,18.19
2026-01-25,27.8,16.6,21.9,64,12.2,17.82
2026-01-26,27.7,16.8,22.0,68,14.5,18.58
2026-01-27,27.7,17.0,21.9,67,14.5,18.53
2026-01-28,28.2,17.1,22.1,64,10.6,19.12
2026-01-29,28.4,17.7,22.2,67,11.0,19.85
2026-01-30,27.8,17.6,22.0,66,11.3,19.45
2026-01-31,27.1,16.7,21.3,66,12.6,20.3
2026-02-01,27.1,15.9,21.0,72,11.8,20.01
2026-02-02,27.5,16.5,21.4,68,11.4,19.44
2026-02-03,27.0,17.1,21.5,70,11.5,19.54
2026-02-04,27.5,17.0,21.6,68,13.8,20.17
2026-02-05,27.7,16.4,21.3,67,10.8,20.29
2026-02-06,28.1,16.7,21.7,61,11.7,20.88
2026-02-07,28.5,16.0,21.9,52,12.5,21.35
2026-02-08,28.5,16.1,21.7,44,12.7,21.78
2026-02-09,28.4,14.9,21.2,46,9.4,21.53
2026-02-10,28.7,16.3,21.6,51,11.7,21.71
2026-02-11,28.2,15.0,21.4,64,10.9,20.82
2026-02-12,28.5,15.7,21.6,62,10.8,21.84
2026-02-13,29.2,16.2,22.1,55,9.3,21.91
2026-02-14,29.3,16.8,22.7,50,11.2,22.01
2026-02-15,30.2,18.1,23.4,47,10.7,22.06
2026-02-16,29.9,18.0,23.5,49,13.2,22.12
2026-02-17,29.0,17.1,22.7,55,13.4,22.14
2026-02-18,28.7,15.6,22.1,63,13.2,22.05
2026-02-19,29.1,17.0,22.7,57,13.7,21.84
2026-02-20,29.8,17.1,23.1,62,13.1,22.24
2026-02-21,30.5,18.1,24.0,59,10.9,22.21
2026-02-22,30.4,19.5,24.4,58,10.0,19.68
2026-02-23,30.3,19.4,24.0,69,17.1,18.0
2026-02-24,29.7,18.9,23.6,68,12.3,20.19
2026-02-25,29.5,20.2,24.5,59,10.7,17.7
2026-02-26,30.8,20.3,24.9,53,10.2,19.32
2026-02-27,31.4,21.5,25.7,52,9.3,20.29
2026-02-28,31.6,20.1,25.6,55,13.6,20.65
2026-03-01,33.0,20.6,25.8,55,13.8,19.55
2026-03-02,32.4,21.1,26.1,57,10.5,20.8
2026-03-03,32.9,20.9,26.2,51,12.8,23.34
2026-03-04,32.6,19.8,25.4,42,14.8,23.66
2026-03-05,33.2,17.9,25.2,41,13.4,24.03
2026-03-06,34.0,19.0,25.8,38,12.2,24.07
2026-03-07,34.0,19.6,26.1,39,10.3,24.02
2026-03-08,32.7,19.6,25.4,53,9.6,23.84
2026-03-09,31.9,19.5,25.2,67,12.4,22.33
2026-03-10,30.9,20.4,25.1,67,13.5,23.36
2026-03-11,32.5,20.4,25.8,50,9.5,23.67
2026-03-12,34.2,19.2,26.6,45,12.3,24.22
2026-03-13,34.3,21.3,27.3,40,12.9,24.33
2026-03-14,34.0,20.7,26.7,53,15.5,23.26
2026-03-15,33.4,19.5,26.1,57,19.5,21.33
2026-03-16,31.6,20.6,25.2,63,17.2,21.07
2026-03-17,28.7,19.3,24.1,67,10.9,17.32
2026-03-18,29.1,19.8,23.4,60,18.4,15.24
2026-03-19,30.4,18.3,24.0,64,9.6,22.2
2026-03-20,30.9,18.6,24.3,62,13.0,22.49
2026-03-21,30.4,19.9,25.1,62,9.7,21.28
2026-03-22,30.0,20.8,25.5,68,11.7,21.6
2026-03-23,32.1,21.4,26.3,61,12.5,22.94
2026-03-24,33.2,21.2,26.6,61,10.9,22.54
2026-03-25,33.2,22.1,27.2,59,13.9,21.56
2026-03-26,34.3,22.5,28.0,49,9.1,22.78
2026-03-27,35.5,23.0,28.7,46,17.8,23.05
2026-03-28,34.7,24.6,29.2,38,15.7,24.52
2026-03-29,34.9,22.9,28.4,45,10.3,24.36
2026-03-30,34.9,23.4,28.2,52,13.7,21.11
2026-03-31,32.0,22.7,27.0,58,18.8,21.93
2026-04-01,32.9,22.3,27.2,61,11.5,23.79
2026-04-02,32.2,20.6,26.3,59,9.3,24.21
2026-04-03,32.6,21.8,27.4,54,11.9,23.7
2026-04-04,32.8,22.3,27.9,51,11.8,22.75
2026-04-05,32.1,24.1,28.0,55,11.1,21.53
2026-04-06,34.0,23.7,28.4,49,16.3,23.52
2026-04-07,34.0,20.8,27.5,40,20.4,25.54
2026-04-08,34.5,20.2,27.7,41,17.4,25.61
2026-04-09,34.2,22.5,28.3,45,16.6,24.61
2026-04-10,35.4,23.3,28.9,47,13.1,25.41
2026-04-11,35.1,23.5,29.2,50,10.0,25.38
2026-04-12,36.4,23.8,30.1,46,14.6,25.53
2026-04-13,37.1,24.8,30.7,46,16.9,24.36
2026-04-14,37.4,24.9,30.9,46,14.0,23.73
2026-04-15,38.4,24.3,31.3,40,14.7,24.03
2026-04-16,37.9,24.9,31.2,46,12.4,23.81
2026-04-17,38.4,25.4,31.5,48,14.1,24.07
2026-04-18,37.3,25.2,31.2,46,11.0,23.62
2026-04-19,37.5,24.9,30.6,49,18.0,24.22
2026-04-20,36.1,24.6,30.2,43,15.0,23.78
2026-04-21,35.3,24.7,30.5,48,15.7,23.02
2026-04-22,36.5,24.4,30.6,44,22.5,22.44
2026-04-23,36.8,25.6,30.5,44,15.8,22.6
2026-04-24,36.5,24.4,30.7,41,9.8,24.06
2026-04-25,37.0,24.5,30.6,44,9.2,23.91
2026-04-26,37.9,25.7,31.6,45,10.1,23.12
2026-04-27,38.9,24.6,32.2,44,18.2,23.99
2026-04-28,38.7,25.1,31.3,49,12.9,22.93
2026-04-29,38.0,26.0,31.9,39,11.4,24.92
2026-04-30,38.4,26.1,32.1,35,17.3,26.17
2026-05-01,37.4,24.6,31.3,34,19.3,26.37
2026-05-02,38.2,26.8,32.2,30,16.8,25.36
2026-05-03,37.9,24.1,31.8,36,16.5,25.52
2026-05-04,37.6,24.3,30.7,40,13.9,26.38
2026-05-05,37.2,24.4,31.0,45,18.2,23.88
2026-05-06,34.8,24.9,29.6,53,17.2,22.54
2026-05-07,34.5,24.2,29.5,56,14.7,22.28
2026-05-08,34.8,23.5,29.4,55,16.2,19.99
2026-05-09,34.7,23.8,29.4,55,12.1,23.97
2026-05-10,35.6,23.9,29.8,56,17.7,23.9
2026-05-11,35.3,23.9,29.8,56,15.7,24.74
2026-05-12,34.7,24.3,29.9,58,13.6,24.57
2026-05-13,36.2,25.6,30.9,54,13.3,24.44
2026-05-14,35.0,26.3,31.0,54,13.1,20.75
2026-05-15,36.9,26.4,31.8,53,12.2,22.86
2026-05-16,34.7,27.1,31.3,57,16.5,23.15
2026-05-17,34.5,26.2,30.7,57,12.6,21.81
2026-05-18,35.6,26.5,31.1,54,15.3,25.1
2026-05-19,37.4,27.0,32.3,52,12.1,24.71
2026-05-20,38.5,28.4,33.6,43,18.4,24.35
2026-05-21,38.9,29.9,34.1,39,20.8,24.77
2026-05-22,36.6,29.8,33.3,45,27.9,23.83
2026-05-23,37.2,28.7,32.9,45,26.7,22.18
2026-05-24,37.3,27.1,32.4,46,28.3,25.12
2026-05-25,37.3,29.0,32.6,43,23.4,21.87
2026-05-26,36.6,24.8,31.8,50,23.2,23.02
2026-05-27,34.1,23.3,29.4,62,23.1,21.19
2026-05-28,37.0,26.9,31.4,54,19.1,23.63
2026-05-29,36.5,27.9,31.9,51,24.0,24.57
2026-05-30,35.9,28.7,31.7,46,24.6,25.99
2026-05-31,35.0,28.2,31.3,49,27.9,23.17
2026-06-01,34.4,26.3,30.6,47,13.9,23.72
2026-06-02,34.1,26.5,30.6,50,13.6,23.55
2026-06-03,34.1,27.2,30.8,51,17.7,22.65
2026-06-04,34.1,27.3,29.8,60,20.8,21.45
2026-06-05,33.3,25.3,29.5,61,21.4,18.65
2026-06-06,35.3,24.0,29.9,58,26.9,22.58
2026-06-07,35.5,25.0,30.2,61,20.2,18.85
2026-06-08,33.2,25.3,29.2,63,20.9,22.74
2026-06-09,33.4,25.7,28.5,70,21.1,19.34
2026-06-10,35.2,25.7,30.0,60,27.7,25.69
2026-06-11,35.0,26.5,30.1,59,19.8,25.77
2026-06-12,34.5,25.9,30.2,57,18.4,20.57
2026-06-13,33.9,24.3,28.9,63,21.1,19.62
2026-06-14,33.3,24.7,28.9,62,24.4,18.8
2026-06-15,33.7,26.6,29.9,55,23.3,24.73
2026-06-16,34.3,26.5,30.3,51,22.9,24.09
2026-06-17,35.2,26.4,30.8,50,17.9,25.66
2026-06-18,33.8,25.4,29.9,58,19.8,24.76
2026-06-19,34.5,26.2,30.4,56,22.1,24.89
2026-06-20,35.0,25.2,30.4,59,18.2,24.5
2026-06-21,31.5,23.0,28.2,66,20.1,13.42
2026-06-22,33.6,27.0,29.8,60,18.5,22.52
2026-06-23,31.6,25.2,28.5,63,22.1,17.71
2026-06-24,31.3,24.7,27.7,63,23.7,20.84
2026-06-25,30.9,24.3,27.6,66,21.7,23.21
2026-06-26,31.1,25.1,27.8,70,21.1,21.12
2026-06-27,29.6,23.9,26.8,79,19.0,16.77
2026-06-28,32.7,23.7,27.4,80,18.9,21.64
2026-06-29,30.8,24.8,27.4,74,20.3,15.8
2026-06-30,30.5,24.6,27.4,71,26.8,18.59
2026-07-01,29.7,23.9,26.7,73,24.7,13.41
2026-07-02,30.0,23.7,25.7,81,24.8,8.72
2026-07-03,28.6,23.5,25.4,81,32.6,8.71
2026-07-04,25.8,23.1,24.6,85,27.7,7.48
2026-07-05,28.1,23.4,26.0,75,33.8,9.21
2026-07-06,31.2,24.2,27.3,69,28.3,14.98
2026-07-07,31.7,25.0,27.5,70,30.8,20.66
2026-07-08,32.7,25.1,28.2,66,32.9,21.13
2026-07-09,31.8,24.8,27.6,71,23.0,19.5
2026-07-10,31.8,25.0,28.5,64,23.4,20.62
2026-07-11,32.2,25.6,28.8,61,24.2,24.21
2026-07-12,32.4,25.2,29.1,57,24.4,22.58
2026-07-13,33.0,24.8,29.3,58,22.7,26.45
2026-07-14,31.4,25.2,28.5,59,25.4,22.03
2026-07-15,31.7,25.8,28.7,55,22.4,25.29
2026-07-16,31.0,26.2,28.2,64,25.6,20.18
2026-07-17,29.0,23.2,26.1,78,19.9,13.28
2026-07-18,28.5,24.1,25.8,78,23.0,14.28
2026-07-19,31.3,23.9,27.1,72,21.3,22.2
2026-07-20,30.2,23.4,26.4,75,22.5,18.58
2026-07-21,26.6,23.0,24.7,84,23.8,8.25
2026-07-22,26.9,22.7,24.5,84,23.1,8.37
2026-07-23,29.1,23.0,25.9,72,27.8,21.51
2026-07-24,29.5,24.0,26.7,68,27.6,15.66
2026-07-25,30.2,23.8,27.0,68,24.9,20.1
2026-07-26,30.6,24.5,26.8,74,26.8,16.87
2026-07-27,29.7,23.6,26.0,81,22.0,14.18
2026-07-28,30.6,23.6,26.1,80,26.3,19.84
2026-07-29,25.8,23.3,24.2,91,25.4,6.7
2026-07-30,25.2,23.5,24.1,90,29.0,7.25
2026-07-31,30.0,23.6,26.4,76,29.3,21.43
2026-08-01,31.0,24.4,27.2,73,22.7,21.41
2026-08-02,31.5,24.6,27.3,72,22.7,24.67
2026-08-03,31.6,23.8,27.1,75,19.2,21.61
2026-08-04,29.5,23.6,26.0,81,19.8,17.74
2026-08-05,30.4,23.7,26.5,79,20.7,20.29
2026-08-06,31.0,24.5,26.9,75,21.1,19.54
2026-08-07,28.7,23.5,26.1,76,26.1,14.61
2026-08-08,29.0,23.3,26.2,75,25.2,14.82
2026-08-09,30.6,24.4,27.1,70,27.2,21.97
2026-08-10,31.0,24.4,27.2,72,21.0,25.42
2026-08-11,30.6,24.2,27.1,70,20.8,21.58
2026-08-12,29.5,23.8,26.5,76,25.7,19.81
2026-08-13,30.2,24.2,26.7,75,22.6,16.02
2026-08-14,30.7,24.1,26.7,71,26.8,20.69
2026-08-15,31.0,24.6,27.1,70,25.9,23.28
2026-08-16,29.3,24.6,26.7,72,21.6,15.07
2026-08-17,30.7,24.5,27.5,67,23.6,22.86
2026-08-18,31.3,24.5,26.9,70,23.8,20.26
2026-08-19,29.3,24.0,25.9,75,20.2,15.9
2026-08-20,30.2,23.6,26.8,71,22.9,22.75
2026-08-21,30.8,24.3,27.1,68,23.8,22.17
2026-08-22,30.7,24.3,27.2,68,24.2,20.99
2026-08-23,29.1,23.1,25.4,84,22.4,12.95
2026-08-24,27.9,23.5,25.1,85,22.5,11.07
2026-08-25,29.7,23.3,26.4,75,21.6,21.44
2026-08-26,30.7,23.5,26.9,69,23.9,22.32
2026-08-27,29.6,24.1,26.8,70,28.2,16.12
2026-08-28,30.5,24.1,27.1,66,27.4,21.97
2026-08-29,29.9,24.2,26.8,67,29.2,19.88
2026-08-30,28.2,24.1,25.4,73,27.3,14.12
2026-08-31,28.2,24.2,25.9,72,27.4,11.26
